,TV,Стара цена,Нова цена,Отстъпка,Линк
0,ТЕЛЕВИЗОР NEO LED-50F2 UHD SW,599.-,549.-,- 8%,https://www.technomarket.bg/televizor/neo-led-50f2-uhd-sw-09178754
1,ТЕЛЕВИЗОР NEO LED-50F1UHD,569.-,569.-,0,https://www.technomarket.bg/televizor/neo-led-50f1uhd-09172508
2,ТЕЛЕВИЗОР PHILIPS 50PUS7505 SMART UHD LED TV,689.-,689.-,0,https://www.technomarket.bg/televizor/philips-50pus7505-smart-uhd-led-tv-09182326
3,ТЕЛЕВИЗОР NEO LED-55F2 UHD SW,699.-,699.-,0,https://www.technomarket.bg/televizor/neo-led-55f2-uhd-sw-09178755
4,ТЕЛЕВИЗОР PHILIPS 50PUS6523 /12 SMART UHD LED TV,699.-,699.-,0,https://www.technomarket.bg/televizor/philips-50pus6523-12-smart-uhd-led-tv-09165369
5,ТЕЛЕВИЗОР HISENSE 50A7100F UHD SMART TV,699.-,699.-,0,https://www.technomarket.bg/televizor/hisense-50a7100f-uhd-smart-tv-09183590
6,ТЕЛЕВИЗОР TCL 50EP660 SMART UHD LED TV ANDROID,729.-,729.-,0,https://www.technomarket.bg/televizor/tcl-50ep660-smart-uhd-led-tv-android-09182169
7,ТЕЛЕВИЗОР TCL 50P615 SMART UHD LED TV ANDROID,749.-,749.-,0,https://www.technomarket.bg/televizor/tcl-50p615-smart-uhd-led-tv-android-09184330
8,ТЕЛЕВИЗОР PHILIPS 50PUS7855 SMART UHD LED TV,749.-,749.-,0,https://www.technomarket.bg/televizor/philips-50pus7855-smart-uhd-led-tv-09182920
9,ТЕЛЕВИЗОР PHILIPS 50PUS7555 SMART UHD LED TV,749.-,749.-,0,https://www.technomarket.bg/televizor/philips-50pus7555-smart-uhd-led-tv-09182918
10,ТЕЛЕВИЗОР SAMSUNG UE-50RU7172 UHD SMART TV,749.-,749.-,0,https://www.technomarket.bg/televizor/samsung-ue-50ru7172-uhd-smart-tv-09172518
11,ТЕЛЕВИЗОР SAMSUNG UE-50TU7092 UHD SMART TV,759.-,759.-,0,https://www.technomarket.bg/televizor/samsung-ue-50tu7092-uhd-smart-tv-09183090
12,ТЕЛЕВИЗОР LG 50UN70003LA SMART UHD LED TV,759.-,759.-,0,https://www.technomarket.bg/televizor/lg-50un70003la-smart-uhd-led-tv-09183889
13,ТЕЛЕВИЗОР HISENSE 55A7100F UHD SMART TV,779.-,779.-,0,https://www.technomarket.bg/televizor/hisense-55a7100f-uhd-smart-tv-09183589
14,ТЕЛЕВИЗОР SAMSUNG UE-55RU7092 UXXH UHD SMART TV,799.-,799.-,0,https://www.technomarket.bg/televizor/samsung-ue-55ru7092-uxxh-uhd-smart-tv-09176173
15,ТЕЛЕВИЗОР TCL 50EP682 SMART UHD LED TV ANDROID,799.-,799.-,0,https://www.technomarket.bg/televizor/tcl-50ep682-smart-uhd-led-tv-android-09182349
16,ТЕЛЕВИЗОР LG 50UM7450 SMART UHD LED TV,799.-,799.-,0,https://www.technomarket.bg/televizor/lg-50um7450-smart-uhd-led-tv-09175216
17,ТЕЛЕВИЗОР TCL 50EP681 SMART UHD LED TV ANDROID,799.-,799.-,0,https://www.technomarket.bg/televizor/tcl-50ep681-smart-uhd-led-tv-android-09182348
18,ТЕЛЕВИЗОР TCL 50P715 SMART UHD LED TV ANDROID,799.-,799.-,0,https://www.technomarket.bg/televizor/tcl-50p715-smart-uhd-led-tv-android-09182266
19,ТЕЛЕВИЗОР SAMSUNG UE-55TU7072 UHD SMART TV,799.-,799.-,0,https://www.technomarket.bg/televizor/samsung-ue-55tu7072-uhd-smart-tv-09181043
20,ТЕЛЕВИЗОР SONY KDL-50WF665BAEP SMART FHD LED TV,799.-,799.-,0,https://www.technomarket.bg/televizor/sony-kdl-50wf665baep-smart-fhd-led-tv-09179778
21,ТЕЛЕВИЗОР LG 50UM7600 SMART UHD LED TV,829.-,829.-,0,https://www.technomarket.bg/televizor/lg-50um7600-smart-uhd-led-tv-09175217
22,ТЕЛЕВИЗОР PHILIPS 58PUS7505 SMART UHD LED TV,829.-,829.-,0,https://www.technomarket.bg/televizor/philips-58pus7505-smart-uhd-led-tv-09182327
23,ТЕЛЕВИЗОР PHILIPS 58PUS6504 SMART UHD LED TV,839.-,839.-,0,https://www.technomarket.bg/televizor/philips-58pus6504-smart-uhd-led-tv-09175053
